熱烈歓迎了法寺,金宇賀様,聖夜祭,陸弁天,捌弁天,母,天照大神,,
白山羊年,白山午鳥,白山未年,捌小弁天,素戔嗚尊,,,,
白山鳳凰,白山酉年,白山酉,白山酉娘,白山酉鳥,伍小弁天,素戔嗚尊,,
白山寅年,白山寅年,白山寅娘,白山寅,弍弁天,素戔嗚尊,,,
白山猿年,白山申年,白山申,白山申娘,白山申鳥,肆小弁天,大国主命,,
白山牛年,白山丑年,白山丑娘,白山丑,壱弁天,歌姉,伍吉祥天,大国主命,
白岩白山神社物語,白山神社物語,白山神社裏物語,泰澄,大役小角,白山神社御朱印帳,白山神社御朱印帳男子,大国主命,
菊理暖命,菊理姫,花弁,向日葵,姫,伊弉諾神,,,
白山馬年,白山午年,白山午娘,白山午鳥,巫女乃鳥,リース弁天,参小弁天,伊弉諾神,
白山猪年,白山猪,白山猪娘,漆小弁天,里奈也,弍里奈也,伊弉諾神,,
稲荷神社,稲荷右狐,稲荷左狐,稲荷神社娘,也,人形,伊弉諾神,,
白山神社初詣,白山神社巫女,白山神社鳥,白山神社娘,陸弁天,漆弁天,印度娘,泡,伊弉諾神
白山龍年,白山辰,白山辰鳥,白山辰娘,白山辰年,壱小弁天,伊邪那美神,,
白山狐年,白山戌年,白山戌鳥.,白山戌,白山戌娘,白山子戌,陸小弁天,伊邪那美神,
白山鼠年,白山子年,巫女乃鳥,弁天,壱吉祥天,弍吉祥天,伊邪那美神,,
役小角物語,鬼役小角,役小角,菊理比咩命,伊邪那美神,,,,
巫女乃,巫女乃,巫女乃花弁,巫女乃鳥,九尾,リース弁天,伊邪那美神,,
白山蛇年,白山巳年,白山巳娘,白山巳鳥,七面様,幼女化七面様,弍小弁天,伊邪那美神,